INDEX,DISTRICT,INSTITUTE,DESIGNATION,VACANCIES,ESTIMATED_TRAVEL_TIME_HOURS,IS_DIFFICULT,IS_DH,DESIG_GROUP
104,COLOMBO,COLOMBO RDHS,MO RELIEF,1,0.4,NO,NO,MO Relief
181,KALUTARA,HORANA DGH,MO MEDICO LEGAL,1,0.5,NO,NO,MO Medico Legal
185,KALUTARA,PIMBURA BH,MO PAEDIATRICS,1,0.6,NO,NO,MO Paediatrics
124,GAMPAHA,KALAGEDIHENA PMCU,Mo,1,0.7,NO,NO,MO
123,GAMPAHA,ANDIAMBALAMA PMCU,Mo,1,1.0,NO,NO,MO
186,KALUTARA,WARAKAGODA PMCU,MO,1,1.0,NO,NO,MO
108,GALLE,ELPITIYA BH,MO ETU,1,1.1,NO,NO,MO OPD / ETU
109,GALLE,ELPITIYA BH,Mo OPD,1,1.1,NO,NO,MO OPD / ETU
110,GALLE,ELPITIYA BH,SHO SURGERY,1,1.1,NO,NO,SHO Surgery
187,KALUTARA,YATTAPATHA PMCU,MO,1,1.1,YES,NO,MO
378,RATNAPURA,EHELIYAGODA BH,MO ETU,1,1.1,NO,NO,MO OPD / ETU
386,RATNAPURA,NARISSA PMCU,Mo,1,1.1,YES,NO,MO
184,KALUTARA,MOLKAWA PMCU,MO,1,1.2,YES,NO,MO
105,GALLE,BALAPITIVA BH,MO ETU,1,1.3,NO,NO,MO OPD / ETU
106,GALLE,BALAPITIYA BH,MO SCBU,1,1.3,NO,NO,MO PBU / SCBU
107,GALLE,BALAPITIYA BH,SHO PAEDIATRICS,1,1.3,NO,NO,SHO Paediatrics
209,KEGALLE,DERANIYAGALA DH,MO,1,1.3,NO,YES,MO
118,GALLE,HIKKADUWA DH,MO,1,1.4,NO,YES,MO
208,KEGALLE,BELIGALA DH,MO,1,1.4,NO,YES,MO
216,KEGALLE,MAHAPALLEGAMA DH,MO,1,1.4,NO,YES,MO
238,KURUNEGALA,MINUWANGETE PMCU,MO,1,1.4,NO,NO,MO
384,RATNAPURA,KALAWANA BH,MO ETU,1,1.4,NO,NO,MO OPD / ETU
389,RATNAPURA,RATHNAPURA RDHS,MO RELIEF,1,1.4,NO,NO,MO Relief
390,RATNAPURA,RATHNAPURA TEACHING HOSPITAL,MO ANAESTHESIA/ICU,1,1.4,NO,NO,MO Anaesthesia / ICU
391,RATNAPURA,RATHNAPURA TEACHING HOSPITAL,MO NICU,1,1.4,NO,NO,MO ICU
392,RATNAPURA,RATHNAPURA TEACHING HOSPITAL,MO PLASTIC SURGERY,1,1.4,NO,NO,MO Surgery
393,RATNAPURA,RATHNAPURA TEACHING HOSPITAL,MO VASCULAR SURGERY,1,1.4,NO,NO,MO Vascular Surgery
394,RATNAPURA,RATHNAPURA TEACHING HOSPITAL,SHO PAEDIATRICS,1,1.4,NO,NO,SHO Paediatrics
111,GALLE,GALLE NATIONAL HOSPITAL,ANESTHESIA,1,1.5,NO,NO,MO Anaesthesia / ICU
112,GALLE,GALLE NATIONAL HOSPITAL,MO NEPHROLOGY,1,1.5,NO,NO,MO Nephrology
113,GALLE,GALLE NATIONAL HOSPITAL,MO ONCO SURGERY,1,1.5,NO,NO,MO Oncology
114,GALLE,GALLE NATIONAL HOSPITAL,MO PAEDIATRICS PULMONOLOGY,1,1.5,NO,NO,MO Paediatrics
115,GALLE,GALLE ROHS,MO RELIEF,1,1.5,NO,NO,MO Relief
116,GALLE,FOR WOMEN,TEACHING GALLE MO PBU,1,1.5,NO,NO,MO PBU / SCBU
213,KEGALLE,KEGALLE DGH,MO PBU,1,1.5,NO,NO,MO PBU / SCBU
214,KEGALLE,KEGALLE RDHS,MO RELIEF,1,1.5,NO,NO,MO Relief
218,KEGALLE,WARAKAPOLA BH,MO GYN & OBS,1,1.5,NO,NO,MO GYN & OBS
365,PUTTALAM,MARAWILA BH,MO PBU,1,1.5,NO,NO,MO PBU / SCBU
374,RATNAPURA,AYAGAMA DH,MO,1,1.5,NO,YES,MO
385,RATNAPURA,KOLAMBAGEARA PMCU,Mo,1,1.5,NO,NO,MO
234,KURUNEGALA,KURUNEGALA TEACHING HOSPITAL,MO ANAESTHESIA,1,1.6,NO,NO,MO Anaesthesia / ICU
235,KURUNEGALA,KURUNEGALA TEACHING HOSPITAL,MO MEDICO LEGAL,4,1.6,NO,NO,MO Medico Legal
236,KURUNEGALA,KURUNEGALA TEACHING HOSPITAL,MO ORTHOPAEDIC,1,1.6,NO,NO,MO Orthopaedic
388,RATNAPURA,POTHUPITIYA DH,Mo,1,1.6,YES,YES,MO
120,GALLE,NELUWA DH,Mo,1,1.7,NO,YES,MO
215,KEGALLE,KIRIPORUWA WATTA (ERH) DH,MO,1,1.7,NO,YES,MO
217,KEGALLE,MAWANELLA BH,MO EYE,1,1.7,NO,NO,MO Eye
232,KURUNEGALA,KEKUNAGALLA PMCU,MO,1,1.7,NO,NO,MO
361,PUTTALAM,CHILAW DGH,MO ANAESTHESIA/ICU,1,1.7,NO,NO,MO Anaesthesia / ICU
362,PUTTALAM,CHILAW DGH,MO CHEMICAL PATHOLOGY,1,1.7,NO,NO,MO Pathology / Lab
363,PUTTALAM,CHILAW DGH,MO RADIOLOGY,1,1.7,NO,NO,MO Radiology
227,KURUNEGALA,DAMBADENIYA BH,MO PAEDIATRICS,1,1.8,NO,NO,MO Paediatrics
231,KURUNEGALA,KATUPOTHA DH,MO,4,1.8,NO,YES,MO
233,KURUNEGALA,KULIYAPITIYA TEACHING HOSPITAL,MO PBU/ PAEDIATICS,1,1.8,NO,NO,MO PBU / SCBU
117,GALLE,HALVITIGALA PMCU,MO,1,1.9,YES,NO,MO
121,GALLE,UDUGAMA BH,MO ANAESTHESIA/ICU,1,1.9,NO,NO,MO Anaesthesia / ICU
122,GALLE,UDUGAMA 8H,MO GYN & OBS,1,1.9,NO,NO,MO GYN & OBS
277,MATARA,KAMBURUPITIYA BH,SHO PAEDIATRICS,1,1.9,NO,NO,SHO Paediatrics
278,MATARA,KIRINDA PUHULWELLA DH,MO,1,1.9,NO,YES,MO
279,MATARA,MARAMBA DH,MO,1,1.9,NO,YES,MO
280,MATARA,MATARA DGH,MO ORTHOPAEDIC,1,1.9,NO,NO,MO Orthopaedic
281,MATARA,MATARA DGH,SHO SURGERY,1,1.9,NO,NO,SHO Surgery
210,KEGALLE,KARAWANELLA BH,MO ANAESTHESIA/ICU,1,2.0,NO,NO,MO Anaesthesia / ICU
211,KEGALLE,KARAWANELLA BH,MO GYN & OBS,1,2.0,NO,NO,MO GYN & OBS
212,KEGALLE,KARAWANELLA BH,MO SURGERY,1,2.0,NO,NO,MO Surgery
326,NUWARA ELIYA,KOTAGALA DH,MO,1,2.0,NO,YES,MO
327,NUWARA ELIYA,LINDULA DH,MO,1,2.0,NO,YES,MO
201,KANDY,PERADENIYA TEACHING HOSPITAL,MO ORTHOPAEDIC SURGERY,1,2.1,NO,NO,MO Orthopaedic
207,KANDY,WESTHALL DH,MO,1,2.1,YES,YES,MO
125,HAMBANTOTA,BELIATTE DH,Mo,1,2.2,NO,YES,MO
191,KANDY,GAMPOLA BH,MO PBU,1,2.2,NO,NO,MO PBU / SCBU
192,KANDY,KANDY NATIONAL HOSPITAL,MO NEPHROLOGY ICU,1,2.2,NO,NO,MO Anaesthesia / ICU
193,KANDY,KANDY NATIONAL HOSPITAL,IMO ORTHOPAEDIC SURGERY,1,2.2,NO,NO,MO Orthopaedic
194,KANDY,KANDY NATIONAL HOSPITAL,MO VASCULAR SURGERY,2,2.2,NO,NO,MO Vascular Surgery
195,KANDY,KANDY NATIONAL HOSPITAL,MO VITREO RETINAL,1,2.2,NO,NO,MO Eye
322,NUWARA ELIYA,DICKOYA BH,MO OPD,1,2.2,NO,NO,MO OPD / ETU
323,NUWARA ELIYA,DICKOYA BH,SHO SURGERY,1,2.2,NO,NO,SHO Surgery
134,HAMBANTOTA,TANGALLE BH,MO ANAESTHESIA,1,2.3,NO,NO,MO Anaesthesia / ICU
135,HAMBANTOTA,TANGALLE BH,MO ICU,1,2.3,NO,NO,MO Anaesthesia / ICU
138,HAMBANTOTA,WALASMULLA BH,MO ETU,1,2.3,NO,NO,MO OPD / ETU
139,HAMBANTOTA,WALASMULLA BH,MO PATHOLOGY,1,2.3,NO,NO,MO Pathology / Lab
395,RATNAPURA,WELKENIYAYA PMCU,Mo,1,2.3,NO,NO,MO
196,KANDY,KOLONGODA DH,MO,1,2.4,NO,YES,MO
198,KANDY,MENIKHINNA DH,MO,1,2.4,NO,YES,MO
276,MATARA,DERANGALA PMCU,MO,1,2.4,YES,NO,MO
282,MATARA,PALLEGAMA DH,MO,1,2.4,NO,YES,MO
283,MATARA,ROTAMBA PMCU,MO,1,2.4,YES,NO,MO
284,MATARA,URUBOKKA DH,MO,1,2.4,NO,YES,MO
382,RATNAPURA,KAHAWATTA BH,MO EYE,1,2.4,NO,NO,MO Eye
383,RATNAPURA,KAHAWATTA BH,MO RADIOLOGY,1,2.4,NO,NO,MO Radiology
133,HAMBANTOTA,RANNA DH,Mo.,1,2.5,NO,YES,MO
202,KANDY,RAMBUKEWELA PMCU,MO,1,2.5,NO,NO,MO
239,KURUNEGALA,NIKAWERATIYA BH,SHO SURGERY,1,2.5,NO,NO,SHO Surgery
264,MATALE,DAMBULLA BH,MO EYE,1,2.5,NO,NO,MO Eye
265,MATALE,DAMBULLA BH,ISHO PAEDIATRIC,1,2.5,NO,NO,MO Paediatrics
338,NUWARA ELIYA,RIKILLAGASKADA BH,MO ETU,1,2.5,NO,NO,MO OPD / ETU
375,RATNAPURA,BALANGODA BH,MO ANAESTHESIA,1,2.5,NO,NO,MO Anaesthesia / ICU
376,RATNAPURA,BALANGODA BH,MO ETU,1,2.5,NO,NO,MO OPD / ETU
377,RATNAPURA,BALANGODA BH,MO MEDICO LEGAL,1,2.5,NO,NO,MO Medico Legal
119,GALLE,LANKAGAMA PMCU,MO,1,2.6,YES,NO,MO
274,MATARA,DENIYAYA BH,MO GYN & OBS,1,2.6,NO,NO,MO GYN & OBS
275,MATARA,DENIYAYA BH,MO PAEDIATRICS,1,2.6,NO,NO,MO Paediatrics
329,NUWARA ELIYA,NORTH MEDAKUMBURA DH,MO,1,2.6,YES,YES,MO
337,NUWARA ELIYA,RAMBODA KOTMALE DH,MO,1,2.6,NO,YES,MO
340,NUWARA ELIYA,UPCOT PMCU,MO,1,2.6,YES,NO,MO
373,RATNAPURA,[ALUPOLA DH,Mo,1,2.6,YES,YES,MO
34,ANURADHAPURA,ANDIYAGALA DH,MO,1,2.7,YES,YES,MO
66,BADULLA,DAMBETENNA DH,MO,1,2.7,NO,YES,MO
199,KANDY,MORAHENA DH,MO 3,1,2.7,YES,YES,MO
200,KANDY,PATTIYAGAMA PALLEGAMA DH,MO,1,2.7,NO,YES,MO
269,MATALE,MATALE DGH,SHO MEDICINE,2,2.7,NO,NO,SHO Medicine
270,MATALE,MATALE DGH,SHO SURGERY,1,2.7,NO,NO,SHO Surgery
271,MATALE,MATALE RDHS,. MO RELIEF,1,2.7,NO,NO,MO Relief
320,NUWARA ELIYA,AGARAPATHANA DH,MO,2,2.7,YES,YES,MO
379,RATNAPURA,EMBILIPITIYA DGH,MO ETU,1,2.7,NO,NO,MO OPD / ETU
380,RATNAPURA,EMBILIPITIYA DGH,MO PAEDIATRICS,1,2.7,NO,NO,MO Paediatrics
381,RATNAPURA,EMBILIPITIYA DGH,MO VP OPD,1,2.7,NO,NO,MO OPD / ETU
387,RATNAPURA,PALAMKOTTE DH,Mo,1,2.7,YES,YES,MO
204,KANDY,THELDENIYA BH,MO OPD,2,2.8,NO,NO,MO OPD / ETU
237,KURUNEGALA,MAHAGIRILLA DH,MO,2,2.8,NO,YES,MO
321,NUWARA ELIYA,DAYAGAMA WEST DH,MO,1,2.8,YES,YES,MO
330,NUWARA ELIYA,NUWARA ELIYA DGH,MO A&E,1,2.8,NO,NO,MO A&E
331,NUWARA ELIYA,NUWARA ELIYA DGH,MO ANAESTHESIA,1,2.8,NO,NO,MO Anaesthesia / ICU
332,NUWARA ELIYA,NUWARA ELIYA DGH,MO GU SURGERY,1,2.8,NO,NO,MO Urology / GU
333,NUWARA ELIYA,NUWARA ELIYA DGH,MO MICU,1,2.8,NO,NO,MO ICU
334,NUWARA ELIYA,NUWARA ELIYA DGH,MO ONCOLOGY,1,2.8,NO,NO,MO Oncology
335,NUWARA ELIYA,NUWARA ELIYA DGH,MO OPD,1,2.8,NO,NO,MO OPD / ETU
336,NUWARA ELIYA,NUWARA ELIYA DGH,MO PBU,1,2.8,NO,NO,MO PBU / SCBU
367,PUTTALAM,TPUTTALAM BH,MO MEDICINE i,2,2.8,NO,NO,MO Medicine
368,PUTTALAM,PUTTALAM BH,MO MEDICO LEGAL,1,2.8,NO,NO,MO Medico Legal
369,PUTTALAM,PUTTALAM BH,MO RADIOLOGY,1,2.8,NO,NO,MO Radiology
370,PUTTALAM,PUTTALAM BH,SHO PAEDIATRICS,1,2.8,NO,NO,SHO Paediatrics
371,PUTTALAM,PUTTALAM CHEST,CLINIC MO CHEST CLINIC,1,2.8,NO,NO,MO
70,BADULLA,GLANMORE DH,MO,1,2.9,NO,YES,MO
126,HAMBANTOTA,BERALIHERA PMCU,Mo,1,2.9,YES,NO,MO
203,KANDY,SANGARAJAPURA DH,MO,1,2.9,NO,YES,MO
324,NUWARA ELIYA,GONAPITIYA DH,MO,1,2.9,YES,YES,MO
341,NUWARA ELIYA,WALAPANE DH,MO,1,2.9,NO,YES,MO
127,HAMBANTOTA,HAMBANTOTA DGH,MO ANAESTHESIA,1,3.0,NO,NO,MO Anaesthesia / ICU
128,HAMBANTOTA,HAMBANTOTA DGH,MO HAEMATOLOGY,1,3.0,NO,NO,MO Pathology / Lab
129,HAMBANTOTA,HAMBANTOTA DGH,MO MICROBIOLOGY,1,3.0,NO,NO,MO Pathology / Lab
130,HAMBANTOTA,HAMBANTOTA DGH,MO NICU,1,3.0,NO,NO,MO ICU
131,HAMBANTOTA,HAMBANTOTA DGH,MO PSYCHIATRY,1,3.0,NO,NO,MO Psychiatry
132,HAMBANTOTA,HAMBANTOTA DGH,SHO SURGERY,1,3.0,NO,NO,SHO Surgery
206,KANDY,UDUNUWARA MOH,AMOH,1,3.0,NO,NO,AMOH
46,ANURADHAPURA,KEKIRAWA BH,MO,1,3.1,NO,NO,MO
65,BADULLA,BANDARAWELA BH,MO ETU,2,3.1,NO,NO,MO OPD / ETU
228,KURUNEGALA,GALGAMUWA BH,MO ANAESTHESIA/ ICU,1,3.1,NO,NO,MO Anaesthesia / ICU
229,KURUNEGALA,GALGAMUWA BH,MO MEDICINE,1,3.1,NO,NO,MO Medicine
230,KURUNEGALA,GALGAMUWA BH,MO OPD/ETU,1,3.1,NO,NO,MO OPD / ETU
243,KURUNEGALA,USGALA SIYABALANGAMUWA PMCU,MO,1,3.1,YES,NO,MO
360,PUTTALAM,ANAWILUNDAWA DH,MO,1,3.1,NO,YES,MO
136,HAMBANTOTA,THISSAMAHARAMAYA BH,SHO GYN & OBS,1,3.2,NO,NO,SHO GYN & OBS
137,HAMBANTOTA,THISSAMAHARAMAYA BH,SHO PAEDIATRICS,1,3.2,NO,NO,SHO Paediatrics
240,KURUNEGALA,NIKAWEWA DH,MO,1,3.2,NO,YES,MO
290,MONERAGALA,HAMBEGAMUWA DH,MO.,1,3.2,YES,YES,MO
53,ANURADHAPURA,THAMBUTTEGAMA BH,MO ETU,1,3.3,NO,NO,MO OPD / ETU
54,ANURADHAPURA,THAMBUTTEGAMA BH,MO OPD,1,3.3,NO,NO,MO OPD / ETU
55,ANURADHAPURA,THAMBUTTEGAMA BH,MO PBU,2,3.3,NO,NO,MO PBU / SCBU
56,ANURADHAPURA,THAMBUTTEGAMA BH,SHO SURGERY,1,3.3,NO,NO,SHO Surgery
78,BADULLA,WELIMADA BH,MO,1,3.3,NO,NO,MO
79,BADULLA,WELIMADA BH,MO MEDICINE,2,3.3,NO,NO,MO Medicine
80,BADULLA,WELIMADA BH,MO PAEDIATRICS,1,3.3,NO,NO,MO Paediatrics
241,KURUNEGALA,PAHALAGIRIBAWA DH,MO,1,3.3,YES,YES,MO
364,PUTTALAM,KOTTUKACHCHIYA DH,MO,1,3.3,NO,YES,MO
67,BADULLA,DIYATHALAWA BH,MO ANAESTHESIA,1,3.4,NO,NO,MO Anaesthesia / ICU
68,BADULLA,DIYATHALAWA BH,MO GYN & OBS,1,3.4,NO,NO,MO GYN & OBS
71,BADULLA,KEPPETIPOLA PMCU,MO,1,3.4,NO,NO,MO
366,PUTTALAM,MUNDALAMA MOH,AMOH,1,3.4,NO,NO,AMOH
242,KURUNEGALA,RAJANGANAYA DH,MO,1,3.5,YES,YES,MO
266,MATALE,HATTOTA AMUNA DH,MO,1,3.5,YES,YES,MO
273,MATALE,YATAWATHTHA DH,MO,4,3.5,NO,YES,MO
45,ANURADHAPURA,HABARANA DH,MO,1,3.6,NO,YES,MO
205,KANDY,UDAGAMA ATABAGE DH,MO,2,3.6,NO,YES,MO
267,MATALE,LAGGALA PALLEGAMA MOH,AMOH,1,3.6,NO,NO,AMOH
272,MATALE,OPALGALA PMCU,MO,1,3.6,YES,NO,MO
292,MONERAGALA,KATHARAGAMA DH,MO,1,3.6,NO,YES,MO
325,NUWARA ELIYA,KALAGANWATTA PMCU,MO,1,3.6,YES,NO,MO
372,PUTTALAM,WANATHAWILLUWA DH,Mo,1,3.6,NO,YES,MO
59,BADULLA,BADULLA TEACHING HOSPITAL,MO ENT,1,3.7,NO,NO,MO ENT
60,BADULLA,BADULLA TEACHING HOSPITAL,MO NEUROLOGY,1,3.7,NO,NO,MO Neurology / Neurosurgery
61,BADULLA,BADULLA TEACHING HOSPITAL,MO ONCO SURGERY,1,3.7,NO,NO,MO Oncology
62,BADULLA,BADULLA TEACHING HOSPITAL,SHO MEDICINE,1,3.7,NO,NO,SHO Medicine
63,BADULLA,BADULLA TEACHING HOSPITAL,SHO PAEDIATRICS,2,3.7,NO,NO,SHO Paediatrics
64,BADULLA,BADULLA TEACHING HOSPITAL,SHO SURGERY,1,3.7,NO,NO,SHO Surgery
263,MATALE,ALUTHWEWA PMCU,MO,1,3.7,YES,NO,MO
328,NUWARA ELIYA,MULOYA DH,MO,1,3.7,YES,YES,MO
339,NUWARA ELIYA,RUPAHA PMCU,MO,1,3.7,YES,NO,MO
348,POLONNARUWA,POLONNARUWA DGH,MO A&E,1,3.7,NO,NO,MO A&E
349,POLONNARUWA,POLONNARUWA DGH,MO MICROBIOLOGY,1,3.7,NO,NO,MO Pathology / Lab
350,POLONNARUWA,POLONNARUWA DGH,MO RADIOLOGY,1,3.7,NO,NO,MO Radiology
351,POLONNARUWA,POLONNARUWA DGH,MO SICU,1,3.7,NO,NO,MO ICU
352,POLONNARUWA,POLONNARUWA DGH,MO UROLOGY,1,3.7,NO,NO,MO Urology / GU
353,POLONNARUWA,POLONNARUWA DGH,SHO SURGERY,1,3.7,NO,NO,SHO Surgery
354,POLONNARUWA,POLONNARUWA RDHS,MO RELIEF,1,3.7,NO,NO,MO Relief
355,POLONNARUWA,POLONNARUWA RENAL HOSPITAL,MO NEPHROLOGY,1,3.7,NO,NO,MO Nephrology
356,POLONNARUWA,POLONNARUWA RENAL HOSPITAL,MO PAEDIATRIC NEPHROLOGY,1,3.7,NO,NO,MO Paediatrics
357,POLONNARUWA,POLONNARUWA RENAL HOSPITAL,MO VASCULAR & TRANSPLANT,1,3.7,NO,NO,MO Vascular Surgery
35,ANURADHAPURA,ANURADHAPURA RDHS,MO RELIEF,1,3.8,NO,NO,MO Relief
36,ANURADHAPURA,ANURADHAPURA TEACHING HOSPITAL,MO ANAESTHESIA,3,3.8,NO,NO,MO Anaesthesia / ICU
37,ANURADHAPURA,ANURADHAPURA TEACHING HOSPITAL,MO CARDIOLOGY,1,3.8,NO,NO,MO Cardiology
38,ANURADHAPURA,ANURADHAPURA TEACHING HOSPITAL,MO ETU,1,3.8,NO,NO,MO OPD / ETU
39,ANURADHAPURA,ANURADHAPURA TEACHING HOSPITAL,MO NEURO SURGERY ICU,1,3.8,NO,NO,MO Neurology / Neurosurgery
40,ANURADHAPURA,ANURADHAPURA TEACHING HOSPITAL,MO PAEDIATRIC SURGERY,1,3.8,NO,NO,MO Surgery
41,ANURADHAPURA,ANURADHAPURA TEACHING HOSPITAL,MO PATHOLOGY,1,3.8,NO,NO,MO Pathology / Lab
42,ANURADHAPURA,ANURADHAPURA TEACHING HOSPITAL,MO PBU/NICU,1,3.8,NO,NO,MO ICU
43,ANURADHAPURA,ANURADHAPURA TEACHING HOSPITAL,SHO GYN & OBS,1,3.8,NO,NO,SHO GYN & OBS
44,ANURADHAPURA,GALNEWA DH,MO,1,3.8,NO,YES,MO
49,ANURADHAPURA,NOCHCHIYAGAMA DH,MO,1,3.8,NO,YES,MO
57,ANURADHAPURA,THANTIRIMALE DH,MO,1,3.8,YES,YES,MO
73,BADULLA,MAHIYANGANAYA BH,MO ANAESTHESIA,2,3.8,NO,NO,MO Anaesthesia / ICU
77,BADULLA,UVA PARANAGAMA DH,MO,1,3.8,NO,YES,MO
397,TRINCOMALEE,KANTALE BH,MO ANAESTHESIA,1,3.8,NO,NO,MO Anaesthesia / ICU
398,TRINCOMALEE,KANTALE 8H,MO MEDICINE,1,3.8,NO,NO,MO Medicine
399,TRINCOMALEE,KANTALE BH,MO OPD/ETU,1,3.8,NO,NO,MO OPD / ETU
400,TRINCOMALEE,KANTALE BH,MO PAEDIATRICS,1,3.8,NO,NO,MO Paediatrics
48,ANURADHAPURA,MEDAWACHCHIYA BH,MO,1,4.0,NO,NO,MO
188,KANDY,AAMBAGAHAPELESSA DH,MO,1,4.0,YES,YES,MO
189,KANDY,BATUMULLA DH,MO,1,4.0,YES,YES,MO
190,KANDY,GALPIHILLA DH,MO,1,4.0,NO,YES,MO
197,KANDY,MEEMURE PMCU,MO,1,4.0,YES,NO,MO
343,POLONNARUWA,ATHTHANAKADAWALA DH,MO,1,4.0,NO,YES,MO
345,POLONNARUWA,MEDIRIGIRIYA BH,MO ANAESTHESIA/ICU,2,4.0,NO,NO,MO Anaesthesia / ICU
346,POLONNARUWA,MEDIRIGIRIYA BH,MO NEPHROLOGY,1,4.0,NO,NO,MO Nephrology
347,POLONNARUWA,MEDIRIGIRIYA BH,MO PSYCHIATRY,1,4.0,NO,NO,MO Psychiatry
294,MONERAGALA,MONERAGALA DGH,MO ANAESTHESIA,2,4.1,NO,NO,MO Anaesthesia / ICU
295,MONERAGALA,MONERAGALA DGH,MO ENT,1,4.1,NO,NO,MO ENT
296,MONERAGALA,MONERAGALA DGH,MO GU SURGERY,1,4.1,NO,NO,MO Urology / GU
297,MONERAGALA,MONERAGALA RDHS,MO RELIEF,1,4.1,NO,NO,MO Relief
342,POLONNARUWA,ARALAGANWILA DH,MO,1,4.1,NO,YES,MO
344,POLONNARUWA,DIMBULAGALA MANAMPITIYA DH,MO,1,4.1,NO,YES,MO
358,POLONNARUWA,PULASTHIGAMA (BOP 400) DH,MO,1,4.1,NO,YES,MO
74,BADULLA,NADUMGAMUWA DH,MO,1,4.2,NO,YES,MO
289,MONERAGALA,BUTHTHALA DH,MO,1,4.2,NO,YES,MO
359,POLONNARUWA,SEVANAPITIYA PMCU,MO,1,4.2,NO,NO,MO
69,BADULLA,GIRANDURUKOTTE DH,MO,4,4.3,NO,YES,MO
268,MATALE,MARAKA DH,MO,1,4.3,YES,YES,MO
72,BADULLA,LUNUGALA DH,MO,1,4.4,NO,YES,MO
401,TRINCOMALEE,KILIVETTY OH,Mo,1,4.4,YES,NO,MO
404,TRINCOMALEE,MANALCHENAI PMCU,Mo,1,4.4,YES,NO,MO
412,TRINCOMALEE,TRINCOMALEE DGH,MO ANAESTHESIA,1,4.5,NO,NO,MO Anaesthesia / ICU
413,TRINCOMALEE,TRINCOMALEE DGH,MO DERMATOLOGY,1,4.5,NO,NO,MO Dermatology
414,TRINCOMALEE,TRINCOMALEE DGH,MO EYE,1,4.5,NO,NO,MO Eye
415,TRINCOMALEE,TRINCOMALEE DGH,MO GU SURGERY,1,4.5,NO,NO,MO Urology / GU
416,TRINCOMALEE,TRINCOMALEE DGH,SHO GYN & OBS,4,4.5,NO,NO,SHO GYN & OBS
417,TRINCOMALEE,TRINCOMALEE DGH,SHO MEDICINE,1,4.5,NO,NO,SHO Medicine
58,ANURADHAPURA,WAHALKADA DH,MO,1,4.6,YES,YES,MO
76,BADULLA,THENNAPANGUWA PMCU,MO,1,4.6,NO,NO,MO
285,MONERAGALA,BIBILE BH,MO ANAESTHESIA/ ICU,1,4.6,NO,NO,MO Anaesthesia / ICU
286,MONERAGALA,BIBILE BH,MO ETU/ OPD,1,4.6,NO,NO,MO OPD / ETU
287,MONERAGALA,BIBILE BH,MO GYN & OBS,1,4.6,NO,NO,MO GYN & OBS
288,MONERAGALA,BIBILE BH,MO MEDICINE,1,4.6,NO,NO,MO Medicine
402,TRINCOMALEE,KINNIYABH,MO DIALYSIS,1,4.6,NO,NO,MO Dialysis
403,TRINCOMALEE,KINNIYABH,MO PAEDIATRICS,1,4.6,NO,NO,MO Paediatrics
405,TRINCOMALEE,MUTHUR BH,MO MEDICINE,1,4.6,NO,NO,MO Medicine
406,TRINCOMALEE,MUTHUR BH,MoO OPD/ETU,2,4.6,NO,NO,MO OPD / ETU
407,TRINCOMALEE,MUTHUR BH,MO SURGERY,1,4.6,NO,NO,MO Surgery
423,VAVUNIYA,VAVUNIYA DGH,MO ANAESTHESIA/ICU,2,4.7,NO,NO,MO Anaesthesia / ICU
424,VAVUNIYA,VAVUNIYA DGH,MO CARDIOLOGY,4,4.7,NO,NO,MO Cardiology
425,VAVUNIYA,VAVUNIYA DGH,MO NEPHROLOGY,1,4.7,NO,NO,MO Nephrology
426,VAVUNIYA,VAVUNIYA DGH,MO OPD/ETU,1,4.7,NO,NO,MO OPD / ETU
427,VAVUNIYA,IVAVUNIYA DGH,SHO SURGERY,1,4.7,NO,NO,SHO Surgery
428,VAVUNIYA,IVAVUNIYA RDHS,MO RELIEF,1,4.7,NO,NO,MO Relief
75,BADULLA,RIDEEMALIYADDA MOH,AMOH,1,4.8,NO,NO,AMOH
23,AMPARA,LAHUGALA MOH,AMOH,1,4.9,YES,NO,AMOH
50,ANURADHAPURA,PADAVIYA BH,MO,2,4.9,NO,NO,MO
51,ANURADHAPURA,PADAVIYA BH,MO GYN & OBS,1,4.9,NO,NO,MO GYN & OBS
52,ANURADHAPURA,PADAVIYA BH,MO SURGERY,1,4.9,NO,NO,MO Surgery
410,TRINCOMALEE,SAMPOOR DH,MO,1,4.9,YES,YES,MO
411,TRINCOMALEE,SERUWILA DH,MO,4,4.9,YES,YES,MO
422,VAVUNIYA,NERIYAKULAM DH,MO,1,5.0,NO,YES,MO
396,TRINCOMALEE,GOMARANKADAWELA DH,Mo,1,5.1,YES,YES,MO
88,BATTICALOA,CHENKALADY DH,MO,1,5.2,NO,YES,MO
98,BATTICALOA,MAVADIVAMBU VANTHARAMOOLAIDH,[MO,1,5.3,NO,NO,MO
180,KALMUNAI,ULLAI PMCU,MO,1,5.3,YES,NO,MO
293,MONERAGALA,KOTIYAGALA PMCU,MO,1,5.3,YES,NO,MO
298,MONERAGALA,SIYAMBALANDUWA BH,MO,1,5.3,NO,NO,MO
299,MONERAGALA,SIYAMBALANDUWA BH,MO OPD/ETU,1,5.3,NO,NO,MO OPD / ETU
409,TRINCOMALEE,PULMODAI BH,MO,1,5.3,NO,NO,MO
47,ANURADHAPURA,KUNCHUKULAM PMCU,MO,1,5.4,YES,NO,MO
102,BATTICALOA,VALAICHCHENA! BH,MO MEDICO LEGAL,1,5.4,NO,NO,MO Medico Legal
103,BATTICALOA,VALAICHCHENAI BH,MO PAEDIATRICS,1,5.4,NO,NO,MO Paediatrics
29,AMPARA,PANAMA DH,MO,1,5.5,YES,YES,MO
89,BATTICALOA,ERAVUR BH,MO GYN & OBS,1,5.5,NO,NO,MO GYN & OBS
90,BATTICALOA,ERAVUR BH,MO MEDICINE,1,5.5,NO,NO,MO Medicine
257,MANNAR,MURUNKAN BH,MO,1,5.5,YES,NO,MO
291,MONERAGALA,INGINIYAGALA DH,MO,1,5.5,YES,YES,MO
420,VAVUNIYA,ECHCHANKULAM PMCU,MO,1,5.5,NO,NO,MO
81,BATTICALOA,BATTICALOA TEACHING HOSPITAL,MO A&E,2,5.6,NO,NO,MO A&E
82,BATTICALOA,BATTICALOA TEACHING HOSPITAL,MO BLOOD BANK,1,5.6,NO,NO,MO Blood Bank
83,BATTICALOA,BATTICALOA TEACHING HOSPITAL,MO CARDIOLOGY,1,5.6,NO,NO,MO Cardiology
84,BATTICALOA,BATTICALOA TEACHING HOSPITAL,MO ENDOCRINOLOGY,1,5.6,NO,NO,MO Endocrinology
85,BATTICALOA,BATTICALOA TEACHING HOSPITAL,MO PICU,1,5.6,NO,NO,MO ICU
86,BATTICALOA,BATTICALOA TEACHING HOSPITAL,SHO GYN & OBS,1,5.6,NO,NO,SHO GYN & OBS
87,BATTICALOA,BATTICALOA TEACHING HOSPITAL,SHO SURGERY,1,5.6,NO,NO,SHO Surgery
100,BATTICALOA,NAWALKADU DH,Mo,1,5.6,YES,YES,MO
168,KALMUNAI,IRAKKAMAM ERAGAMA DH,MO,1,5.7,YES,YES,MO
174,KALMUNAI,POTTUVIL BH,MO ETU,2,5.7,NO,NO,MO OPD / ETU
175,KALMUNAI,POTTUVIL BH,MO OPD,1,5.7,NO,NO,MO OPD / ETU
261,MANNAR,VANKALAI DH,MO,1,5.7,YES,YES,MO
421,VAVUNIYA,NEDUNKERNY DH,MO,1,5.7,YES,YES,MO
1,AMPARA,AMPARA DGH,MO A&E,1,5.8,NO,NO,MO A&E
2,AMPARA,AMPARA DGH,MO ANAESTHESIA,2,5.8,NO,NO,MO Anaesthesia / ICU
3,AMPARA,AMPARA DGH,MO ENDOCRINOLOGY,1,5.8,NO,NO,MO Endocrinology
4,AMPARA,AMPARA DGH,MO ENT,1,5.8,NO,NO,MO ENT
5,AMPARA,AMPARA DGH,MO EYE,1,5.8,NO,NO,MO Eye
6,AMPARA,AMPARA DGH,MO MICU,1,5.8,NO,NO,MO ICU
7,AMPARA,AMPARA DGH,MO NICU,1,5.8,NO,NO,MO ICU
8,AMPARA,AMPARA DGH,MO OPD,1,5.8,NO,NO,MO OPD / ETU
9,AMPARA,AMPARA DGH,MO RADIOLOGY,1,5.8,NO,NO,MO Radiology
10,AMPARA,AMPARA DGH,MO RESPIRATORY MEDICINE,1,5.8,NO,NO,MO Respiratory
11,AMPARA,AMPARA DGH,MO RHEUMATOLOGY,1,5.8,NO,NO,MO Rheumatology
12,AMPARA,AMPARA DGH,MO SICU,1,5.8,NO,NO,MO ICU
13,AMPARA,AMPARA DGH,SHO GYN & OBS,1,5.8,NO,NO,SHO GYN & OBS
14,AMPARA,AMPARA DGH,SHO MEDICINE,1,5.8,NO,NO,SHO Medicine
15,AMPARA,AMPARA DGH,SHO SURGERY,1,5.8,NO,NO,SHO Surgery
16,AMPARA,AMPARA RDHS,. MO MENTAL HEALTH,1,5.8,NO,NO,MO Mental Health
24,AMPARA,MAHAOYA BH,MO GYN & OBS,1,5.8,NO,NO,MO GYN & OBS
25,AMPARA,MAHAOYA BH,MO MEDICINE,1,5.8,NO,NO,MO Medicine
26,AMPARA,MAHAOYA BH,MO OPD/ETU,1,5.8,NO,NO,MO OPD / ETU
27,AMPARA,MAHAOYA BH,MO SURGERY,1,5.8,NO,NO,MO Surgery
30,AMPARA,SENARATHPURA DH,MO,1,5.8,YES,YES,MO
31,AMPARA,ISENARATHPURA DH,MO MENTAL HEALTH,1,5.8,YES,YES,MO Mental Health
95,BATTICALOA,KATTANKUDY BH,MO ETU,1,5.8,NO,NO,MO OPD / ETU
96,BATTICALOA,KATTANKUDY BH,MO MEDICINE,1,5.8,NO,NO,MO Medicine
99,BATTICALOA,MEERAVODAI DH,Mo,1,5.8,NO,YES,MO
179,KALMUNAI,THIRUKKOVIL BH,MO,2,5.8,YES,NO,MO
91,BATTICALOA,KALUWANCHIKUDY BH,MO ANAESTHESIA,1,5.9,NO,NO,MO Anaesthesia / ICU
92,BATTICALOA,KALUWANCHIKUDY BH,MO ETU,1,5.9,NO,NO,MO OPD / ETU
93,BATTICALOA,KALUWANCHIKUDY BH,MO PAEDIATRICS,1,5.9,NO,NO,MO Paediatrics
167,KALMUNAI,DEEGAWAPIYA DH,MO,1,5.9,YES,YES,MO
245,MANNAR,MANNAR DGH,MO ANAESTHESIA/ICU,2,5.9,NO,NO,MO Anaesthesia / ICU
246,MANNAR,MANNAR DGH,MO BLOOD BANK,1,5.9,NO,NO,MO Blood Bank
247,MANNAR,MANNAR DGH,MO DIALYSIS,1,5.9,NO,NO,MO Dialysis
248,MANNAR,MANNAR DGH,MO ENT,4,5.9,NO,NO,MO ENT
249,MANNAR,MANNAR DGH,MO GYN & OBS,4,5.9,NO,NO,MO GYN & OBS
250,MANNAR,MANNAR DGH,MO MEDICINE,2,5.9,NO,NO,MO Medicine
251,MANNAR,MANNAR DGH,MO OPD,1,5.9,NO,NO,MO OPD / ETU
252,MANNAR,MANNAR DGH,MO ORTHOPAEDIC SURGERY,1,5.9,NO,NO,MO Orthopaedic
253,MANNAR,MANNAR DGH,MO PAEDIATRICS,1,5.9,NO,NO,MO Paediatrics
254,MANNAR,MANNAR DGH,MO RADIOLOGY,1,5.9,NO,NO,MO Radiology
255,MANNAR,MANNAR DGH,MO SURGERY,1,5.9,NO,NO,MO Surgery
256,MANNAR,MANNAR RDHS,MO RELIEF,1,5.9,NO,NO,MO Relief
304,MULLAITIVU,MANKULAM BH,MO,1,5.9,NO,NO,MO
305,MULLAITIVU,MANKULAM BH,MO REHABILITATION,2,5.9,NO,NO,MO Rehabilitation
316,MULLAITIVU,ODDUSUDDAN DH,MO,1,5.9,YES,YES,MO
418,VAVUNIYA,CHEDDIKULAM BH,MO,2,5.9,NO,NO,MO
419,VAVUNIYA,CHEDDIKULAM BH,MO NEPHROLOGY,1,5.9,NO,NO,MO Nephrology
28,AMPARA,PADIYATALAWA DH,MO,1,6.0,NO,YES,MO
164,KALMUNAI,AKKARAIPATTU BH,MO EYE,1,6.0,NO,NO,MO Eye
165,KALMUNAI,AKKARAIPATTU BH,MO RADIOLOGY,1,6.0,NO,NO,MO Radiology
262,MANNAR,VIDATHALTIVU DH,MO,1,6.0,YES,YES,MO
408,TRINCOMALEE,PADAVISIRIPURA DH,MO DIALYSIS,1,6.0,YES,YES,MO Dialysis
97,BATTICALOA,MANDUR DH,Mo,1,6.1,YES,YES,MO
260,MANNAR,THARAPURAM PMCU,MO,1,6.1,YES,NO,MO
301,MULLAITIVU,MALLAVI BH,MO,2,6.1,YES,NO,MO
302,MULLAITIVU,MALLAVI BH,MO DIALYSIS,1,6.1,YES,NO,MO Dialysis
303,MULLAITIVU,MALLAVI BH,MO OPD/ETU,1,6.1,YES,NO,MO OPD / ETU
33,AMPARA,WEERAGODA PMCU,MO,1,6.2,YES,NO,MO
94,BATTICALOA,KATHIRAVELY DH,MO.,1,6.2,YES,YES,MO
101,BATTICALOA,PALUGAMAM DH,Mo,1,6.2,YES,YES,MO
219,KILINOCHCHI,KILINOCHCHI DGH,MO ANAESTHESIA,2,6.2,NO,NO,MO Anaesthesia / ICU
220,KILINOCHCHI,KILINOCHCHI DGH,MO ETU,2,6.2,NO,NO,MO OPD / ETU
221,KILINOCHCHI,KILINOCHCHI DGH,MO GYN & OBS,1,6.2,NO,NO,MO GYN & OBS
222,KILINOCHCHI,KILINOCHCHI DGH,MoO OPD,2,6.2,NO,NO,MO OPD / ETU
223,KILINOCHCHI,KILINOCHCHI DGH,MO ORTHOPAEDIC,1,6.2,NO,NO,MO Orthopaedic
224,KILINOCHCHI,KILINOCHCHI DGH,MO RADIOLOGY,1,6.2,NO,NO,MO Radiology
244,MANNAR,ERUKALAMPIDDY DH,MO,1,6.2,YES,YES,MO
173,KALMUNAI,NINTAVUR BH,MO MEDICINE,1,6.3,NO,NO,MO Medicine
176,KALMUNAI,SAMMANTHURAI BH,MO EYE,1,6.3,NO,NO,MO Eye
177,KALMUNAI,SAMMANTHURAI BH,MO GYN & OBS,1,6.3,NO,NO,MO GYN & OBS
178,KALMUNAI,SAMMANTHURA! MOH,AMOH,1,6.3,NO,NO,AMOH
258,MANNAR,PERIYAMADHU PMCU,MO,1,6.3,YES,NO,MO
318,MULLAITIVU,THUNUKKAI PMCU,MO SOE,1,6.3,YES,NO,MO (SOE)
319,MULLAITIVU,WELIOYA MOH,AMOH,1,6.3,YES,NO,AMOH
32,AMPARA,TAMPITIYA PMCU,MO,1,6.4,YES,NO,MO
166,KALMUNAI,ANNAMALAI DH,MO,1,6.4,YES,YES,MO
169,KALMUNAI,KALMUNAI NORTH BH,MO ANAESTHESIA/ICU,1,6.4,NO,NO,MO Anaesthesia / ICU
170,KALMUNAI,KALMUNAI NORTH BH,MO BLOOD BANK,1,6.4,NO,NO,MO Blood Bank
171,KALMUNAI,HOSPITAL,MO BLOOD BANK,1,6.4,YES,NO,MO Blood Bank
172,KALMUNAI,HOSPITAL,SHO SURGERY,1,6.4,YES,NO,SHO Surgery
182,KALUTARA,KALUTARA TEACHING HOSPITAL,MO GENITO URINARY,1,6.4,NO,NO,MO Urology / GU
183,KALUTARA,KALUTARA TEACHING HOSPITAL,MO GASTROENTEROLOGY,1,6.4,NO,NO,MO ENT
306,MULLAITIVU,MULLAITIVU DGH,MO,1,6.4,NO,NO,MO
307,MULLAITIVU,MULLAITIVU DGH,MO ANAESTHESIA/ICU,1,6.4,NO,NO,MO Anaesthesia / ICU
308,MULLAITIVU,MULLAITIVU DGH,MO BLOOD BANK,1,6.4,NO,NO,MO Blood Bank
309,MULLAITIVU,MULLAITIVU DGH,MO GYN & OBS,1,6.4,NO,NO,MO GYN & OBS
310,MULLAITIVU,MULLAITIVU DGH,MO MEDICO LEGAL,1,6.4,NO,NO,MO Medico Legal
311,MULLAITIVU,MULLAITIVU DGH,MO PAEDIATRICS,1,6.4,NO,NO,MO Paediatrics
312,MULLAITIVU,MULLAITIVU DGH,MO PBU,1,6.4,NO,NO,MO PBU / SCBU
313,MULLAITIVU,MULLAITIVU DGH,MO PSYCHIATRY.,4,6.4,NO,NO,MO Psychiatry
314,MULLAITIVU,MULLAITIVU DGH,MO SURGERY,1,6.4,NO,NO,MO Surgery
259,MANNAR,THALAIMANNAR DH,MO,1,6.5,YES,YES,MO
317,MULLAITIVU,PUTHUKKUDYIRUPPU BH,MO,1,6.5,YES,NO,MO
225,KILINOCHCHI,PALAI DH,MO,1,6.6,NO,YES,MO
315,MULLAITIVU,NADDANKANDAL DH,MO.,1,6.6,YES,YES,MO
300,MULLAITIVU,ALAMPIL DH,MO,1,6.7,YES,YES,MO
17,AMPARA,DEHIATTAKANDIYA BH,MO ANAESTHESIA/ICU,1,6.8,NO,NO,MO Anaesthesia / ICU
18,AMPARA,DEHIATTAKANDIYA BH,MO BLOOD BANK,1,6.8,NO,NO,MO Blood Bank
19,AMPARA,DEHIATTAKANDIYA BH,MO GYN & OBS,2,6.8,NO,NO,MO GYN & OBS
20,AMPARA,DEHIATTAKANDIYA BH,MO MEDICINE,2,6.8,NO,NO,MO Medicine
21,AMPARA,DEHIATTAKANDIYA BH,MO MENTAL HEALTH,1,6.8,NO,NO,MO Mental Health
22,AMPARA,DEHIATTAKANDIYA BH,MO SURGERY,2,6.8,NO,NO,MO Surgery
163,JAFFNA,THOLPURAM PMCU,,1,6.8,NO,NO,MO
226,KILINOCHCHI,POONAKERY POONARYN DH,MO menENs,1,6.8,YES,YES,MO
153,JAFFNA,MULLIYAN PMCU,MO,1,6.9,YES,NO,MO
151,JAFFNA,KAYTS BH,MO,1,7.0,YES,NO,MO
141,JAFFNA,CHAVAKACHCHERI BH,MO BLOOD BANK,1,7.1,NO,NO,MO Blood Bank
142,JAFFNA,CHAVAKACHCHERI BH,MO ETU,1,7.1,NO,NO,MO OPD / ETU
143,JAFFNA,GURUNAGAR DH,MO,1,7.2,NO,YES,MO
152,JAFFNA,KODIKAMAM DH,MO,1,7.3,NO,YES,MO
144,JAFFNA,INUVIL PMCU,MOIC,1,7.4,NO,NO,MOIC
145,JAFFNA,JAFFNA RDHS,MO STD,1,7.4,NO,NO,MO STD
146,JAFFNA,JAFFNA TEACHING HOSPITAL,ANESTHESIA,1,7.4,NO,NO,MO Anaesthesia / ICU
147,JAFFNA,JAFFNA TEACHING HOSPITAL,MO MEDICO LEGAL,1,7.4,NO,NO,MO Medico Legal
148,JAFFNA,JAFFNA TEACHING HOSPITAL,MO ORTHOPAEDIC SURGERY,1,7.4,NO,NO,MO Orthopaedic
149,JAFFNA,JAFFNA TEACHING HOSPITAL,SHO PAEDIATRICS,1,7.4,NO,NO,SHO Paediatrics
154,JAFFNA,POINT PEDRO BH,MO ANAESTHESIA/ICU,1,7.4,NO,NO,MO Anaesthesia / ICU
155,JAFFNA,POINT PEDRO BH,MO BLOOD BANK,1,7.4,NO,NO,MO Blood Bank
156,JAFFNA,POINT PEDRO BH,MO ICU,1,7.4,NO,NO,MO Anaesthesia / ICU
157,JAFFNA,POINT PEDRO BH,MO MEDICINE,1,7.4,NO,NO,MO Medicine
158,JAFFNA,POINT PEDRO BH,MO SURGERY,1,7.4,NO,NO,MO Surgery
159,JAFFNA,POINT PEDRO PMCU,MOIC,1,7.4,NO,NO,MOIC
160,JAFFNA,TELLIPPALAI BH,MO MEDICINE,1,7.4,NO,NO,MO Medicine
161,JAFFNA,TELLIPPALAI BH,MO PAEDIATRICS,1,7.4,NO,NO,MO Paediatrics
162,JAFFNA,TELLIPPALAI MOH,AMOH.,1,7.4,NO,NO,AMOH
150,JAFFNA,KANKASANTHURAI PMCU,MO,1,7.7,NO,NO,MO
140,JAFFNA,ANALATIVU DH,MO,1,10.5,YES,YES,MO
