INDEX,DISTRICT,INSTITUTE,DESIGNATION,VACANCIES
1,AMPARA,AMPARA DGH,MO A&E,1
2,AMPARA,AMPARA DGH,MO ANAESTHESIA,2
3,AMPARA,AMPARA DGH,MO ENDOCRINOLOGY,1
4,AMPARA,AMPARA DGH,MO ENT,1
5,AMPARA,AMPARA DGH,MO EYE,1
6,AMPARA,AMPARA DGH,MO MICU,1
7,AMPARA,AMPARA DGH,MO NICU,1
8,AMPARA,AMPARA DGH,MO OPD,1
9,AMPARA,AMPARA DGH,MO RADIOLOGY,1
10,AMPARA,AMPARA DGH,MO RESPIRATORY MEDICINE,1
11,AMPARA,AMPARA DGH,MO RHEUMATOLOGY,1
12,AMPARA,AMPARA DGH,MO SICU,1
13,AMPARA,AMPARA DGH,SHO GYN & OBS,1
14,AMPARA,AMPARA DGH,SHO MEDICINE,1
15,AMPARA,AMPARA DGH,SHO SURGERY,1
16,AMPARA,AMPARA RDHS,. MO MENTAL HEALTH,1
17,AMPARA,DEHIATTAKANDIYA BH,MO ANAESTHESIA/ICU,1
18,AMPARA,DEHIATTAKANDIYA BH,MO BLOOD BANK,1
19,AMPARA,DEHIATTAKANDIYA BH,MO GYN & OBS,2
20,AMPARA,DEHIATTAKANDIYA BH,MO MEDICINE,2
21,AMPARA,DEHIATTAKANDIYA BH,MO MENTAL HEALTH,1
22,AMPARA,DEHIATTAKANDIYA BH,MO SURGERY,2
23,AMPARA,LAHUGALA MOH,AMOH,1
24,AMPARA,MAHAOYA BH,MO GYN & OBS,1
25,AMPARA,MAHAOYA BH,MO MEDICINE,1
26,AMPARA,MAHAOYA BH,MO OPD/ETU,1
27,AMPARA,MAHAOYA BH,MO SURGERY,1
28,AMPARA,PADIYATALAWA DH,MO,1
29,AMPARA,PANAMA DH,MO,1
30,AMPARA,SENARATHPURA DH,MO,1
31,AMPARA,ISENARATHPURA DH,MO MENTAL HEALTH,1
32,AMPARA,TAMPITIYA PMCU,MO,1
33,AMPARA,WEERAGODA PMCU,MO,1
34,ANURADHAPURA,ANDIYAGALA DH,MO,1
35,ANURADHAPURA,ANURADHAPURA RDHS,MO RELIEF,1
36,ANURADHAPURA,ANURADHAPURA TEACHING HOSPITAL,MO ANAESTHESIA,3
37,ANURADHAPURA,ANURADHAPURA TEACHING HOSPITAL,MO CARDIOLOGY,1
38,ANURADHAPURA,ANURADHAPURA TEACHING HOSPITAL,MO ETU,1
39,ANURADHAPURA,ANURADHAPURA TEACHING HOSPITAL,MO NEURO SURGERY ICU,1
40,ANURADHAPURA,ANURADHAPURA TEACHING HOSPITAL,MO PAEDIATRIC SURGERY,1
41,ANURADHAPURA,ANURADHAPURA TEACHING HOSPITAL,MO PATHOLOGY,1
42,ANURADHAPURA,ANURADHAPURA TEACHING HOSPITAL,MO PBU/NICU,1
43,ANURADHAPURA,ANURADHAPURA TEACHING HOSPITAL,SHO GYN & OBS,1
44,ANURADHAPURA,GALNEWA DH,MO,1
45,ANURADHAPURA,HABARANA DH,MO,1
46,ANURADHAPURA,KEKIRAWA BH,MO,1
47,ANURADHAPURA,KUNCHUKULAM PMCU,MO,1
48,ANURADHAPURA,MEDAWACHCHIYA BH,MO,1
49,ANURADHAPURA,NOCHCHIYAGAMA DH,MO,1
50,ANURADHAPURA,PADAVIYA BH,MO,2
51,ANURADHAPURA,PADAVIYA BH,MO GYN & OBS,1
52,ANURADHAPURA,PADAVIYA BH,MO SURGERY,1
53,ANURADHAPURA,THAMBUTTEGAMA BH,MO ETU,1
54,ANURADHAPURA,THAMBUTTEGAMA BH,MO OPD,1
55,ANURADHAPURA,THAMBUTTEGAMA BH,MO PBU,2
56,ANURADHAPURA,THAMBUTTEGAMA BH,SHO SURGERY,1
57,ANURADHAPURA,THANTIRIMALE DH,MO,1
58,ANURADHAPURA,WAHALKADA DH,MO,1
59,BADULLA,BADULLA TEACHING HOSPITAL,MO ENT,1
60,BADULLA,BADULLA TEACHING HOSPITAL,MO NEUROLOGY,1
61,BADULLA,BADULLA TEACHING HOSPITAL,MO ONCO SURGERY,1
62,BADULLA,BADULLA TEACHING HOSPITAL,SHO MEDICINE,1
63,BADULLA,BADULLA TEACHING HOSPITAL,SHO PAEDIATRICS,2
64,BADULLA,BADULLA TEACHING HOSPITAL,SHO SURGERY,1
65,BADULLA,BANDARAWELA BH,MO ETU,2
66,BADULLA,DAMBETENNA DH,MO,1
67,BADULLA,DIYATHALAWA BH,MO ANAESTHESIA,1
68,BADULLA,DIYATHALAWA BH,MO GYN & OBS,1
69,BADULLA,GIRANDURUKOTTE DH,MO,4
70,BADULLA,GLANMORE DH,MO,1
71,BADULLA,KEPPETIPOLA PMCU,MO,1
72,BADULLA,LUNUGALA DH,MO,1
73,BADULLA,MAHIYANGANAYA BH,MO ANAESTHESIA,2
74,BADULLA,NADUMGAMUWA DH,MO,1
75,BADULLA,RIDEEMALIYADDA MOH,AMOH,1
76,BADULLA,THENNAPANGUWA PMCU,MO,1
77,BADULLA,UVA PARANAGAMA DH,MO,1
78,BADULLA,WELIMADA BH,MO,1
79,BADULLA,WELIMADA BH,MO MEDICINE,2
80,BADULLA,WELIMADA BH,MO PAEDIATRICS,1
81,BATTICALOA,BATTICALOA TEACHING HOSPITAL,MO A&E,2
82,BATTICALOA,BATTICALOA TEACHING HOSPITAL,MO BLOOD BANK,1
83,BATTICALOA,BATTICALOA TEACHING HOSPITAL,MO CARDIOLOGY,1
84,BATTICALOA,BATTICALOA TEACHING HOSPITAL,MO ENDOCRINOLOGY,1
85,BATTICALOA,BATTICALOA TEACHING HOSPITAL,MO PICU,1
86,BATTICALOA,BATTICALOA TEACHING HOSPITAL,SHO GYN & OBS,1
87,BATTICALOA,BATTICALOA TEACHING HOSPITAL,SHO SURGERY,1
88,BATTICALOA,CHENKALADY DH,MO,1
89,BATTICALOA,ERAVUR BH,MO GYN & OBS,1
90,BATTICALOA,ERAVUR BH,MO MEDICINE,1
91,BATTICALOA,KALUWANCHIKUDY BH,MO ANAESTHESIA,1
92,BATTICALOA,KALUWANCHIKUDY BH,MO ETU,1
93,BATTICALOA,KALUWANCHIKUDY BH,MO PAEDIATRICS,1
94,BATTICALOA,KATHIRAVELY DH,MO.,1
95,BATTICALOA,KATTANKUDY BH,MO ETU,1
96,BATTICALOA,KATTANKUDY BH,MO MEDICINE,1
97,BATTICALOA,MANDUR DH,Mo,1
98,BATTICALOA,MAVADIVAMBU VANTHARAMOOLAIDH,[MO,1
99,BATTICALOA,MEERAVODAI DH,Mo,1
100,BATTICALOA,NAWALKADU DH,Mo,1
101,BATTICALOA,PALUGAMAM DH,Mo,1
102,BATTICALOA,VALAICHCHENA! BH,MO MEDICO LEGAL,1
103,BATTICALOA,VALAICHCHENAI BH,MO PAEDIATRICS,1
104,COLOMBO,COLOMBO RDHS,MO RELIEF,1
105,GALLE,BALAPITIVA BH,MO ETU,1
106,GALLE,BALAPITIYA BH,MO SCBU,1
107,GALLE,BALAPITIYA BH,SHO PAEDIATRICS,1
108,GALLE,ELPITIYA BH,MO ETU,1
109,GALLE,ELPITIYA BH,Mo OPD,1
110,GALLE,ELPITIYA BH,SHO SURGERY,1
111,GALLE,GALLE NATIONAL HOSPITAL,ANESTHESIA,1
112,GALLE,GALLE NATIONAL HOSPITAL,MO NEPHROLOGY,1
113,GALLE,GALLE NATIONAL HOSPITAL,MO ONCO SURGERY,1
114,GALLE,GALLE NATIONAL HOSPITAL,MO PAEDIATRICS PULMONOLOGY,1
115,GALLE,GALLE ROHS,MO RELIEF,1
116,GALLE,FOR WOMEN,TEACHING GALLE MO PBU,1
117,GALLE,HALVITIGALA PMCU,MO,4
118,GALLE,HIKKADUWA DH,MO,1
119,GALLE,LANKAGAMA PMCU,MO,1
120,GALLE,NELUWA DH,Mo,1
121,GALLE,UDUGAMA BH,MO ANAESTHESIA/ICU,1
122,GALLE,UDUGAMA 8H,MO GYN & OBS,1
123,GAMPAHA,ANDIAMBALAMA PMCU,Mo,1
124,GAMPAHA,KALAGEDIHENA PMCU,Mo,1
125,HAMBANTOTA,BELIATTE DH,Mo,1
126,HAMBANTOTA,BERALIHERA PMCU,Mo,1
127,HAMBANTOTA,HAMBANTOTA DGH,MO ANAESTHESIA,1
128,HAMBANTOTA,HAMBANTOTA DGH,MO HAEMATOLOGY,1
129,HAMBANTOTA,HAMBANTOTA DGH,MO MICROBIOLOGY,1
130,HAMBANTOTA,HAMBANTOTA DGH,MO NICU,1
131,HAMBANTOTA,HAMBANTOTA DGH,MO PSYCHIATRY,1
132,HAMBANTOTA,HAMBANTOTA DGH,SHO SURGERY,1
133,HAMBANTOTA,RANNA DH,Mo.,1
134,HAMBANTOTA,TANGALLE BH,MO ANAESTHESIA,1
135,HAMBANTOTA,TANGALLE BH,MO ICU,1
136,HAMBANTOTA,THISSAMAHARAMAYA BH,SHO GYN & OBS,1
137,HAMBANTOTA,THISSAMAHARAMAYA BH,SHO PAEDIATRICS,1
138,HAMBANTOTA,WALASMULLA BH,MO ETU,1
139,HAMBANTOTA,WALASMULLA BH,MO PATHOLOGY,1
140,JAFFNA,ANALATIVU DH,MO,1
141,JAFFNA,CHAVAKACHCHERI BH,MO BLOOD BANK,1
142,JAFFNA,CHAVAKACHCHERI BH,MO ETU,1
143,JAFFNA,GURUNAGAR DH,MO,1
144,JAFFNA,INUVIL PMCU,MOIC,1
145,JAFFNA,JAFFNA RDHS,MO STD,1
146,JAFFNA,JAFFNA TEACHING HOSPITAL,ANESTHESIA,1
147,JAFFNA,JAFFNA TEACHING HOSPITAL,MO MEDICO LEGAL,1
148,JAFFNA,JAFFNA TEACHING HOSPITAL,MO ORTHOPAEDIC SURGERY,1
149,JAFFNA,JAFFNA TEACHING HOSPITAL,SHO PAEDIATRICS,1
150,JAFFNA,KANKASANTHURAI PMCU,MO,1
151,JAFFNA,KAYTS BH,MO,1
152,JAFFNA,KODIKAMAM DH,MO,1
153,JAFFNA,MULLIYAN PMCU,MO,1
154,JAFFNA,POINT PEDRO BH,MO ANAESTHESIA/ICU,1
155,JAFFNA,POINT PEDRO BH,MO BLOOD BANK,1
156,JAFFNA,POINT PEDRO BH,MO ICU,1
157,JAFFNA,POINT PEDRO BH,MO MEDICINE,1
158,JAFFNA,POINT PEDRO BH,MO SURGERY,1
159,JAFFNA,POINT PEDRO PMCU,MOIC,1
160,JAFFNA,TELLIPPALAI BH,MO MEDICINE,1
161,JAFFNA,TELLIPPALAI BH,MO PAEDIATRICS,1
162,JAFFNA,TELLIPPALAI MOH,AMOH.,1
163,JAFFNA,THOLPURAM PMCU,,1
164,KALMUNAI,AKKARAIPATTU BH,MO EYE,1
165,KALMUNAI,AKKARAIPATTU BH,MO RADIOLOGY,1
166,KALMUNAI,ANNAMALAI DH,MO,1
167,KALMUNAI,DEEGAWAPIYA DH,MO,1
168,KALMUNAI,IRAKKAMAM ERAGAMA DH,MO,1
169,KALMUNAI,KALMUNAI NORTH BH,MO ANAESTHESIA/ICU,1
170,KALMUNAI,KALMUNAI NORTH BH,MO BLOOD BANK,1
171,KALMUNAI,HOSPITAL,MO BLOOD BANK,1
172,KALMUNAI,HOSPITAL,SHO SURGERY,1
173,KALMUNAI,NINTAVUR BH,MO MEDICINE,1
174,KALMUNAI,POTTUVIL BH,MO ETU,2
175,KALMUNAI,POTTUVIL BH,MO OPD,1
176,KALMUNAI,SAMMANTHURAI BH,MO EYE,1
177,KALMUNAI,SAMMANTHURAI BH,MO GYN & OBS,1
178,KALMUNAI,SAMMANTHURA! MOH,AMOH,1
179,KALMUNAI,THIRUKKOVIL BH,MO,2
180,KALMUNAI,ULLAI PMCU,MO,1
181,KALUTARA,HORANA DGH,MO MEDICO LEGAL,1
182,KALUTARA,KALUTARA TEACHING HOSPITAL,MO GENITO URINARY,1
183,KALUTARA,KALUTARA TEACHING HOSPITAL,MO GASTROENTEROLOGY,1
184,KALUTARA,MOLKAWA PMCU,MO,1
185,KALUTARA,PIMBURA BH,MO PAEDIATRICS,1
186,KALUTARA,WARAKAGODA PMCU,MO,1
187,KALUTARA,YATTAPATHA PMCU,MO,1
188,KANDY,AAMBAGAHAPELESSA DH,MO,1
189,KANDY,BATUMULLA DH,MO,1
190,KANDY,GALPIHILLA DH,MO,1
191,KANDY,GAMPOLA BH,MO PBU,1
192,KANDY,KANDY NATIONAL HOSPITAL,MO NEPHROLOGY ICU,1
193,KANDY,KANDY NATIONAL HOSPITAL,IMO ORTHOPAEDIC SURGERY,1
194,KANDY,KANDY NATIONAL HOSPITAL,MO VASCULAR SURGERY,2
195,KANDY,KANDY NATIONAL HOSPITAL,MO VITREO RETINAL,1
196,KANDY,KOLONGODA DH,MO,1
197,KANDY,MEEMURE PMCU,MO,1
198,KANDY,MENIKHINNA DH,MO,1
199,KANDY,MORAHENA DH,MO 3,1
200,KANDY,PATTIYAGAMA PALLEGAMA DH,MO,1
201,KANDY,PERADENIYA TEACHING HOSPITAL,MO ORTHOPAEDIC SURGERY,1
202,KANDY,RAMBUKEWELA PMCU,MO,1
203,KANDY,SANGARAJAPURA DH,MO,1
204,KANDY,THELDENIYA BH,MO OPD,2
205,KANDY,UDAGAMA ATABAGE DH,MO,2
206,KANDY,UDUNUWARA MOH,AMOH,1
207,KANDY,WESTHALL DH,MO,1
208,KEGALLE,BELIGALA DH,MO,1
209,KEGALLE,DERANIYAGALA DH,MO,1
210,KEGALLE,KARAWANELLA BH,MO ANAESTHESIA/ICU,1
211,KEGALLE,KARAWANELLA BH,MO GYN & OBS,1
212,KEGALLE,KARAWANELLA BH,MO SURGERY,1
213,KEGALLE,KEGALLE DGH,MO PBU,1
214,KEGALLE,KEGALLE RDHS,MO RELIEF,1
215,KEGALLE,KIRIPORUWA WATTA (ERH) DH,MO,1
216,KEGALLE,MAHAPALLEGAMA DH,MO,1
217,KEGALLE,MAWANELLA BH,MO EYE,1
218,KEGALLE,WARAKAPOLA BH,MO GYN & OBS,1
219,KILINOCHCHI,KILINOCHCHI DGH,MO ANAESTHESIA,2
220,KILINOCHCHI,KILINOCHCHI DGH,MO ETU,2
221,KILINOCHCHI,KILINOCHCHI DGH,MO GYN & OBS,1
222,KILINOCHCHI,KILINOCHCHI DGH,MoO OPD,2
223,KILINOCHCHI,KILINOCHCHI DGH,MO ORTHOPAEDIC,1
224,KILINOCHCHI,KILINOCHCHI DGH,MO RADIOLOGY,1
225,KILINOCHCHI,PALAI DH,MO,1
226,KILINOCHCHI,POONAKERY POONARYN DH,MO menENs,1
227,KURUNEGALA,DAMBADENIYA BH,MO PAEDIATRICS,1
228,KURUNEGALA,GALGAMUWA BH,MO ANAESTHESIA/ ICU,1
229,KURUNEGALA,GALGAMUWA BH,MO MEDICINE,1
230,KURUNEGALA,GALGAMUWA BH,MO OPD/ETU,1
231,KURUNEGALA,KATUPOTHA DH,MO,4
232,KURUNEGALA,KEKUNAGALLA PMCU,MO,1
233,KURUNEGALA,KULIYAPITIYA TEACHING HOSPITAL,MO PBU/ PAEDIATICS,1
234,KURUNEGALA,KURUNEGALA TEACHING HOSPITAL,MO ANAESTHESIA,1
235,KURUNEGALA,KURUNEGALA TEACHING HOSPITAL,MO MEDICO LEGAL,4
236,KURUNEGALA,KURUNEGALA TEACHING HOSPITAL,MO ORTHOPAEDIC,1
237,KURUNEGALA,MAHAGIRILLA DH,MO,2
238,KURUNEGALA,MINUWANGETE PMCU,MO,1
239,KURUNEGALA,NIKAWERATIYA BH,SHO SURGERY,1
240,KURUNEGALA,NIKAWEWA DH,MO,1
241,KURUNEGALA,PAHALAGIRIBAWA DH,MO,1
242,KURUNEGALA,RAJANGANAYA DH,MO,1
243,KURUNEGALA,USGALA SIYABALANGAMUWA PMCU,MO,1
244,MANNAR,ERUKALAMPIDDY DH,MO,1
245,MANNAR,MANNAR DGH,MO ANAESTHESIA/ICU,2
246,MANNAR,MANNAR DGH,MO BLOOD BANK,1
247,MANNAR,MANNAR DGH,MO DIALYSIS,1
248,MANNAR,MANNAR DGH,MO ENT,4
249,MANNAR,MANNAR DGH,MO GYN & OBS,4
250,MANNAR,MANNAR DGH,MO MEDICINE,2
251,MANNAR,MANNAR DGH,MO OPD,1
252,MANNAR,MANNAR DGH,MO ORTHOPAEDIC SURGERY,1
253,MANNAR,MANNAR DGH,MO PAEDIATRICS,1
254,MANNAR,MANNAR DGH,MO RADIOLOGY,1
255,MANNAR,MANNAR DGH,MO SURGERY,1
256,MANNAR,MANNAR RDHS,MO RELIEF,1
257,MANNAR,MURUNKAN BH,MO,1
258,MANNAR,PERIYAMADHU PMCU,MO,1
259,MANNAR,THALAIMANNAR DH,MO,1
260,MANNAR,THARAPURAM PMCU,MO,1
261,MANNAR,VANKALAI DH,MO,1
262,MANNAR,VIDATHALTIVU DH,MO,1
263,MATALE,ALUTHWEWA PMCU,MO,1
264,MATALE,DAMBULLA BH,MO EYE,1
265,MATALE,DAMBULLA BH,ISHO PAEDIATRIC,1
266,MATALE,HATTOTA AMUNA DH,MO,1
267,MATALE,LAGGALA PALLEGAMA MOH,AMOH,1
268,MATALE,MARAKA DH,MO,1
269,MATALE,MATALE DGH,SHO MEDICINE,2
270,MATALE,MATALE DGH,SHO SURGERY,1
271,MATALE,MATALE RDHS,. MO RELIEF,1
272,MATALE,OPALGALA PMCU,MO,1
273,MATALE,YATAWATHTHA DH,MO,4
274,MATARA,DENIYAYA BH,MO GYN & OBS,1
275,MATARA,DENIYAYA BH,MO PAEDIATRICS,1
276,MATARA,DERANGALA PMCU,MO,1
277,MATARA,KAMBURUPITIYA BH,SHO PAEDIATRICS,1
278,MATARA,KIRINDA PUHULWELLA DH,MO,1
279,MATARA,MARAMBA DH,MO,1
280,MATARA,MATARA DGH,MO ORTHOPAEDIC,1
281,MATARA,MATARA DGH,SHO SURGERY,1
282,MATARA,PALLEGAMA DH,MO,1
283,MATARA,ROTAMBA PMCU,MO,1
284,MATARA,URUBOKKA DH,MO,1
285,MONERAGALA,BIBILE BH,MO ANAESTHESIA/ ICU,1
286,MONERAGALA,BIBILE BH,MO ETU/ OPD,1
287,MONERAGALA,BIBILE BH,MO GYN & OBS,1
288,MONERAGALA,BIBILE BH,MO MEDICINE,1
289,MONERAGALA,BUTHTHALA DH,MO,1
290,MONERAGALA,HAMBEGAMUWA DH,MO.,1
291,MONERAGALA,INGINIYAGALA DH,MO,1
292,MONERAGALA,KATHARAGAMA DH,MO,1
293,MONERAGALA,KOTIYAGALA PMCU,MO,1
294,MONERAGALA,MONERAGALA DGH,MO ANAESTHESIA,2
295,MONERAGALA,MONERAGALA DGH,MO ENT,1
296,MONERAGALA,MONERAGALA DGH,MO GU SURGERY,1
297,MONERAGALA,MONERAGALA RDHS,MO RELIEF,1
298,MONERAGALA,SIYAMBALANDUWA BH,MO,1
299,MONERAGALA,SIYAMBALANDUWA BH,MO OPD/ETU,1
300,MULLAITIVU,ALAMPIL DH,MO,1
301,MULLAITIVU,MALLAVI BH,MO,2
302,MULLAITIVU,MALLAVI BH,MO DIALYSIS,1
303,MULLAITIVU,MALLAVI BH,MO OPD/ETU,1
304,MULLAITIVU,MANKULAM BH,MO,1
305,MULLAITIVU,MANKULAM BH,MO REHABILITATION,2
306,MULLAITIVU,MULLAITIVU DGH,MO,1
307,MULLAITIVU,MULLAITIVU DGH,MO ANAESTHESIA/ICU,1
308,MULLAITIVU,MULLAITIVU DGH,MO BLOOD BANK,1
309,MULLAITIVU,MULLAITIVU DGH,MO GYN & OBS,1
310,MULLAITIVU,MULLAITIVU DGH,MO MEDICO LEGAL,1
311,MULLAITIVU,MULLAITIVU DGH,MO PAEDIATRICS,1
312,MULLAITIVU,MULLAITIVU DGH,MO PBU,1
313,MULLAITIVU,MULLAITIVU DGH,MO PSYCHIATRY.,4
314,MULLAITIVU,MULLAITIVU DGH,MO SURGERY,1
315,MULLAITIVU,NADDANKANDAL DH,MO.,1
316,MULLAITIVU,ODDUSUDDAN DH,MO,1
317,MULLAITIVU,PUTHUKKUDYIRUPPU BH,MO,1
318,MULLAITIVU,THUNUKKAI PMCU,MO SOE,1
319,MULLAITIVU,WELIOYA MOH,AMOH,1
320,NUWARA ELIYA,AGARAPATHANA DH,MO,2
321,NUWARA ELIYA,DAYAGAMA WEST DH,MO,1
322,NUWARA ELIYA,DICKOYA BH,MO OPD,1
323,NUWARA ELIYA,DICKOYA BH,SHO SURGERY,1
324,NUWARA ELIYA,GONAPITIYA DH,MO,1
325,NUWARA ELIYA,KALAGANWATTA PMCU,MO,1
326,NUWARA ELIYA,KOTAGALA DH,MO,1
327,NUWARA ELIYA,LINDULA DH,MO,1
328,NUWARA ELIYA,MULOYA DH,MO,1
329,NUWARA ELIYA,NORTH MEDAKUMBURA DH,MO,1
330,NUWARA ELIYA,NUWARA ELIYA DGH,MO A&E,1
331,NUWARA ELIYA,NUWARA ELIYA DGH,MO ANAESTHESIA,1
332,NUWARA ELIYA,NUWARA ELIYA DGH,MO GU SURGERY,1
333,NUWARA ELIYA,NUWARA ELIYA DGH,MO MICU,1
334,NUWARA ELIYA,NUWARA ELIYA DGH,MO ONCOLOGY,1
335,NUWARA ELIYA,NUWARA ELIYA DGH,MO OPD,1
336,NUWARA ELIYA,NUWARA ELIYA DGH,MO PBU,1
337,NUWARA ELIYA,RAMBODA KOTMALE DH,MO,1
338,NUWARA ELIYA,RIKILLAGASKADA BH,MO ETU,1
339,NUWARA ELIYA,RUPAHA PMCU,MO,1
340,NUWARA ELIYA,UPCOT PMCU,MO,1
341,NUWARA ELIYA,WALAPANE DH,MO,1
342,POLONNARUWA,ARALAGANWILA DH,MO,1
343,POLONNARUWA,ATHTHANAKADAWALA DH,MO,1
344,POLONNARUWA,DIMBULAGALA MANAMPITIYA DH,MO,1
345,POLONNARUWA,MEDIRIGIRIYA BH,MO ANAESTHESIA/ICU,2
346,POLONNARUWA,MEDIRIGIRIYA BH,MO NEPHROLOGY,1
347,POLONNARUWA,MEDIRIGIRIYA BH,MO PSYCHIATRY,1
348,POLONNARUWA,POLONNARUWA DGH,MO A&E,1
349,POLONNARUWA,POLONNARUWA DGH,MO MICROBIOLOGY,1
350,POLONNARUWA,POLONNARUWA DGH,MO RADIOLOGY,1
351,POLONNARUWA,POLONNARUWA DGH,MO SICU,1
352,POLONNARUWA,POLONNARUWA DGH,MO UROLOGY,1
353,POLONNARUWA,POLONNARUWA DGH,SHO SURGERY,1
354,POLONNARUWA,POLONNARUWA RDHS,MO RELIEF,1
355,POLONNARUWA,POLONNARUWA RENAL HOSPITAL,MO NEPHROLOGY,1
356,POLONNARUWA,POLONNARUWA RENAL HOSPITAL,MO PAEDIATRIC NEPHROLOGY,1
357,POLONNARUWA,POLONNARUWA RENAL HOSPITAL,MO VASCULAR & TRANSPLANT,1
358,POLONNARUWA,PULASTHIGAMA (BOP 400) DH,MO,1
359,POLONNARUWA,SEVANAPITIYA PMCU,MO,1
360,PUTTALAM,ANAWILUNDAWA DH,MO,1
361,PUTTALAM,CHILAW DGH,MO ANAESTHESIA/ICU,1
362,PUTTALAM,CHILAW DGH,MO CHEMICAL PATHOLOGY,1
363,PUTTALAM,CHILAW DGH,MO RADIOLOGY,1
364,PUTTALAM,KOTTUKACHCHIYA DH,MO,1
365,PUTTALAM,MARAWILA BH,MO PBU,1
366,PUTTALAM,MUNDALAMA MOH,AMOH,1
367,PUTTALAM,TPUTTALAM BH,MO MEDICINE i,2
368,PUTTALAM,PUTTALAM BH,MO MEDICO LEGAL,1
369,PUTTALAM,PUTTALAM BH,MO RADIOLOGY,1
370,PUTTALAM,PUTTALAM BH,SHO PAEDIATRICS,1
371,PUTTALAM,PUTTALAM CHEST,CLINIC MO CHEST CLINIC,1
372,PUTTALAM,WANATHAWILLUWA DH,Mo,1
373,RATNAPURA,[ALUPOLA DH,Mo,1
374,RATNAPURA,AYAGAMA DH,MO,1
375,RATNAPURA,BALANGODA BH,MO ANAESTHESIA,1
376,RATNAPURA,BALANGODA BH,MO ETU,1
377,RATNAPURA,BALANGODA BH,MO MEDICO LEGAL,1
378,RATNAPURA,EHELIYAGODA BH,MO ETU,1
379,RATNAPURA,EMBILIPITIYA DGH,MO ETU,1
380,RATNAPURA,EMBILIPITIYA DGH,MO PAEDIATRICS,1
381,RATNAPURA,EMBILIPITIYA DGH,MO VP OPD,1
382,RATNAPURA,KAHAWATTA BH,MO EYE,1
383,RATNAPURA,KAHAWATTA BH,MO RADIOLOGY,1
384,RATNAPURA,KALAWANA BH,MO ETU,1
385,RATNAPURA,KOLAMBAGEARA PMCU,Mo,1
386,RATNAPURA,NARISSA PMCU,Mo,1
387,RATNAPURA,PALAMKOTTE DH,Mo,1
388,RATNAPURA,POTHUPITIYA DH,Mo,1
389,RATNAPURA,RATHNAPURA RDHS,MO RELIEF,1
390,RATNAPURA,RATHNAPURA TEACHING HOSPITAL,MO ANAESTHESIA/ICU,1
391,RATNAPURA,RATHNAPURA TEACHING HOSPITAL,MO NICU,1
392,RATNAPURA,RATHNAPURA TEACHING HOSPITAL,MO PLASTIC SURGERY,1
393,RATNAPURA,RATHNAPURA TEACHING HOSPITAL,MO VASCULAR SURGERY,1
394,RATNAPURA,RATHNAPURA TEACHING HOSPITAL,SHO PAEDIATRICS,1
395,RATNAPURA,WELKENIYAYA PMCU,Mo,1
396,TRINCOMALEE,GOMARANKADAWELA DH,Mo,1
397,TRINCOMALEE,KANTALE BH,MO ANAESTHESIA,1
398,TRINCOMALEE,KANTALE 8H,MO MEDICINE,1
399,TRINCOMALEE,KANTALE BH,MO OPD/ETU,1
400,TRINCOMALEE,KANTALE BH,MO PAEDIATRICS,1
401,TRINCOMALEE,KILIVETTY OH,Mo,1
402,TRINCOMALEE,KINNIYABH,MO DIALYSIS,1
403,TRINCOMALEE,KINNIYABH,MO PAEDIATRICS,1
404,TRINCOMALEE,MANALCHENAI PMCU,Mo,1
405,TRINCOMALEE,MUTHUR BH,MO MEDICINE,1
406,TRINCOMALEE,MUTHUR BH,MoO OPD/ETU,2
407,TRINCOMALEE,MUTHUR BH,MO SURGERY,1
408,TRINCOMALEE,PADAVISIRIPURA DH,MO DIALYSIS,1
409,TRINCOMALEE,PULMODAI BH,MO,1
410,TRINCOMALEE,SAMPOOR DH,MO,1
411,TRINCOMALEE,SERUWILA DH,MO,4
412,TRINCOMALEE,TRINCOMALEE DGH,MO ANAESTHESIA,1
413,TRINCOMALEE,TRINCOMALEE DGH,MO DERMATOLOGY,1
414,TRINCOMALEE,TRINCOMALEE DGH,MO EYE,1
415,TRINCOMALEE,TRINCOMALEE DGH,MO GU SURGERY,1
416,TRINCOMALEE,TRINCOMALEE DGH,SHO GYN & OBS,4
417,TRINCOMALEE,TRINCOMALEE DGH,SHO MEDICINE,1
418,VAVUNIYA,CHEDDIKULAM BH,MO,2
419,VAVUNIYA,CHEDDIKULAM BH,MO NEPHROLOGY,1
420,VAVUNIYA,ECHCHANKULAM PMCU,MO,1
421,VAVUNIYA,NEDUNKERNY DH,MO,1
422,VAVUNIYA,NERIYAKULAM DH,MO,1
423,VAVUNIYA,VAVUNIYA DGH,MO ANAESTHESIA/ICU,2
424,VAVUNIYA,VAVUNIYA DGH,MO CARDIOLOGY,4
425,VAVUNIYA,VAVUNIYA DGH,MO NEPHROLOGY,1
426,VAVUNIYA,VAVUNIYA DGH,MO OPD/ETU,1
427,VAVUNIYA,IVAVUNIYA DGH,SHO SURGERY,1
428,VAVUNIYA,IVAVUNIYA RDHS,MO RELIEF,1
